-- MySQL dump 10.13  Distrib 8.0.16, for Win64 (x86_64)
--
-- Host: localhost    Database: mockproject
-- ------------------------------------------------------
-- Server version	8.0.16

/*!40101 SET @OLD_CHARACTER_SET_CLIENT=@@CHARACTER_SET_CLIENT */;
/*!40101 SET @OLD_CHARACTER_SET_RESULTS=@@CHARACTER_SET_RESULTS */;
/*!40101 SET @OLD_COLLATION_CONNECTION=@@COLLATION_CONNECTION */;
 SET NAMES utf8 ;
/*!40103 SET @OLD_TIME_ZONE=@@TIME_ZONE */;
/*!40103 SET TIME_ZONE='+00:00' */;
/*!40014 SET @OLD_UNIQUE_CHECKS=@@UNIQUE_CHECKS, UNIQUE_CHECKS=0 */;
/*!40014 SET @OLD_FOREIGN_KEY_CHECKS=@@FOREIGN_KEY_CHECKS, FOREIGN_KEY_CHECKS=0 */;
/*!40101 SET @OLD_SQL_MODE=@@SQL_MODE, SQL_MODE='NO_AUTO_VALUE_ON_ZERO' */;
/*!40111 SET @OLD_SQL_NOTES=@@SQL_NOTES, SQL_NOTES=0 */;

--
-- Table structure for table `account`
--

DROP TABLE IF EXISTS `account`;
/*!40101 SET @saved_cs_client     = @@character_set_client */;
 SET character_set_client = utf8mb4 ;
CREATE TABLE `account` (
  `IDUser` int(200) NOT NULL AUTO_INCREMENT,
  `IDRole` int(100) NOT NULL,
  `UserName` varchar(100) NOT NULL,
  `Password` varchar(100) NOT NULL,
  `FullName` varchar(100) NOT NULL,
  `Phone` varchar(20) NOT NULL,
  `LastTimeLogin` timestamp NULL DEFAULT NULL,
  `DateCreate` timestamp NULL DEFAULT NULL,
  `DateUpdate` timestamp NULL DEFAULT NULL,
  `UserCreate` varchar(100) DEFAULT NULL,
  `UserUpdate` varchar(100) DEFAULT NULL,
  `DateBirth` date DEFAULT NULL,
  PRIMARY KEY (`IDUser`),
  KEY `IDRole` (`IDRole`),
  CONSTRAINT `account_ibfk_1` FOREIGN KEY (`IDRole`) REFERENCES `role` (`IDRole`)
) ENGINE=InnoDB AUTO_INCREMENT=53 DEFAULT CHARSET=utf8;
/*!40101 SET character_set_client = @saved_cs_client */;

--
-- Dumping data for table `account`
--

LOCK TABLES `account` WRITE;
/*!40000 ALTER TABLE `account` DISABLE KEYS */;
INSERT INTO `account` VALUES (1,1,'sinh','123456aA1','Dang Truong Sinh','0968752475','2019-08-17 02:55:28',NULL,NULL,NULL,'sinh','1997-01-25'),(2,3,'tin','123456aA','Phan Trung Tin','0968752470',NULL,NULL,'2019-08-16 08:21:39',NULL,'sinh','1997-01-25'),(3,1,'dat','123456aA','Nguyen Dat','0968752475',NULL,NULL,'2019-08-16 08:21:50',NULL,'sinh','1997-01-25'),(4,2,'duy','123456aA','Phan Duy','0968752475',NULL,NULL,'2019-08-17 02:30:23',NULL,'sinh','1997-01-25'),(42,3,'seller','123456aA','dang truong sinh','0968752475',NULL,NULL,NULL,'','','1997-01-25'),(43,3,'customer','12345678aA','dang truong sinh','0968752474','2019-08-16 17:12:06',NULL,'2019-08-16 17:06:33','','customer','2000-01-13'),(44,3,'customer1','123456aA','123456aA','0968752475','2019-08-15 10:01:23',NULL,NULL,'','','1997-01-25'),(45,3,'ha','12345678aA','nguyen thi ha','0968752475',NULL,NULL,NULL,'sinh','','1997-01-25'),(46,3,'sinh1','123456aA','nguyen thi thu','0968752472',NULL,NULL,NULL,'sinh','','1997-01-25'),(47,3,'sinh2','123456aA','nguyen thi ha','0968752472',NULL,NULL,'2019-08-16 07:56:33','sinh','sinh','1997-01-25'),(48,3,'dat1','123456aA','nguyen dat','0968752473',NULL,NULL,NULL,'sinh','','1997-01-25'),(49,3,'sinh21','123456aA','nguyen thi thu','0968752472',NULL,'2019-08-16 08:20:51','2019-08-16 08:21:18','sinh','sinh','1997-01-25'),(50,3,'sinh31','123456aA','dang truong sinh','0978565123',NULL,'2019-08-16 08:31:46',NULL,'sinh','','1997-01-25'),(51,3,'sinh3','123456aA','dang truong sinh','0968752473','2019-08-16 08:39:15','2019-08-16 08:36:41','2019-08-16 08:37:26','sinh','sinh','1997-01-25'),(52,3,'khach','123456aA1','nguyen dat tien','0968752470','2019-08-17 03:19:35','2019-08-17 02:54:38','2019-08-17 03:17:27','sinh','khach','1999-01-22');
/*!40000 ALTER TABLE `account` ENABLE KEYS */;
UNLOCK TABLES;

--
-- Table structure for table `bus`
--

DROP TABLE IF EXISTS `bus`;
/*!40101 SET @saved_cs_client     = @@character_set_client */;
 SET character_set_client = utf8mb4 ;
CREATE TABLE `bus` (
  `IDBus` int(100) NOT NULL AUTO_INCREMENT,
  `LicensePlate` varchar(100) NOT NULL,
  `DateUpdate` timestamp NULL DEFAULT NULL,
  `UserCreate` varchar(100) DEFAULT NULL,
  `UserUpdate` varchar(100) DEFAULT NULL,
  `IdUser` int(11) DEFAULT NULL,
  `DateCreate` timestamp NULL DEFAULT NULL,
  PRIMARY KEY (`IDBus`),
  KEY `fk_user` (`IdUser`),
  CONSTRAINT `bus_ibfk_1` FOREIGN KEY (`IdUser`) REFERENCES `account` (`IDUser`)
) ENGINE=InnoDB AUTO_INCREMENT=30 DEFAULT CHARSET=utf8;
/*!40101 SET character_set_client = @saved_cs_client */;

--
-- Dumping data for table `bus`
--

LOCK TABLES `bus` WRITE;
/*!40000 ALTER TABLE `bus` DISABLE KEYS */;
INSERT INTO `bus` VALUES (26,'79A-H2',NULL,NULL,NULL,1,NULL),(27,'80B1-H2',NULL,NULL,NULL,1,NULL),(28,'81B2-H2',NULL,NULL,NULL,1,NULL),(29,'82B3-H2',NULL,NULL,NULL,1,NULL);
/*!40000 ALTER TABLE `bus` ENABLE KEYS */;
UNLOCK TABLES;

--
-- Table structure for table `busplace`
--

DROP TABLE IF EXISTS `busplace`;
/*!40101 SET @saved_cs_client     = @@character_set_client */;
 SET character_set_client = utf8mb4 ;
CREATE TABLE `busplace` (
  `IdBusPlace` int(11) NOT NULL AUTO_INCREMENT,
  `IdBus` int(11) DEFAULT NULL,
  `IdPlace` int(11) DEFAULT NULL,
  PRIMARY KEY (`IdBusPlace`),
  KEY `fk_bus` (`IdBus`),
  KEY `fk_place` (`IdPlace`),
  CONSTRAINT `busplace_ibfk_1` FOREIGN KEY (`IdBus`) REFERENCES `bus` (`IDBus`),
  CONSTRAINT `busplace_ibfk_2` FOREIGN KEY (`IdPlace`) REFERENCES `place` (`IdPlace`)
) ENGINE=InnoDB AUTO_INCREMENT=7 DEFAULT CHARSET=utf8mb4 COLLATE=utf8mb4_0900_ai_ci;
/*!40101 SET character_set_client = @saved_cs_client */;

--
-- Dumping data for table `busplace`
--

LOCK TABLES `busplace` WRITE;
/*!40000 ALTER TABLE `busplace` DISABLE KEYS */;
INSERT INTO `busplace` VALUES (1,26,1),(2,26,4),(3,29,5),(4,29,2),(5,28,2),(6,27,1);
/*!40000 ALTER TABLE `busplace` ENABLE KEYS */;
UNLOCK TABLES;

--
-- Table structure for table `place`
--

DROP TABLE IF EXISTS `place`;
/*!40101 SET @saved_cs_client     = @@character_set_client */;
 SET character_set_client = utf8mb4 ;
CREATE TABLE `place` (
  `IdPlace` int(11) NOT NULL AUTO_INCREMENT,
  `StartPlace` varchar(100) NOT NULL,
  `StopPlace` varchar(100) NOT NULL,
  `TimeStart` time NOT NULL,
  `TimeEnd` time NOT NULL,
  `DateCreate` timestamp NULL DEFAULT NULL,
  `DateUpdate` timestamp NULL DEFAULT NULL,
  `UserCreate` varchar(100) DEFAULT NULL,
  `UserUpdate` varchar(100) DEFAULT NULL,
  `price` varchar(100) DEFAULT NULL,
  PRIMARY KEY (`IdPlace`)
) ENGINE=InnoDB AUTO_INCREMENT=6 DEFAULT CHARSET=utf8mb4 COLLATE=utf8mb4_0900_ai_ci;
/*!40101 SET character_set_client = @saved_cs_client */;

--
-- Dumping data for table `place`
--

LOCK TABLES `place` WRITE;
/*!40000 ALTER TABLE `place` DISABLE KEYS */;
INSERT INTO `place` VALUES (1,'Hồ Chí Minh','Khánh Hòa','21:00:00','07:00:00',NULL,NULL,NULL,NULL,'10'),(2,'Hồ Chí Minh','Bình Định','21:00:00','08:30:00',NULL,NULL,NULL,NULL,'10'),(3,'Hồ Chí Minh','Vũng Tàu','21:00:00','05:00:00',NULL,NULL,NULL,NULL,'10'),(4,'Khánh Hòa','Hồ Chí Minh','21:00:00','07:00:00',NULL,NULL,NULL,NULL,'10'),(5,'Bình Định','Hồ Chí Minh','21:00:00','08:30:00',NULL,NULL,NULL,NULL,'10');
/*!40000 ALTER TABLE `place` ENABLE KEYS */;
UNLOCK TABLES;

--
-- Table structure for table `role`
--

DROP TABLE IF EXISTS `role`;
/*!40101 SET @saved_cs_client     = @@character_set_client */;
 SET character_set_client = utf8mb4 ;
CREATE TABLE `role` (
  `IDRole` int(200) NOT NULL AUTO_INCREMENT,
  `Name` varchar(100) NOT NULL,
  `DateCreate` timestamp NOT NULL DEFAULT CURRENT_TIMESTAMP,
  `DateUpdate` timestamp NOT NULL DEFAULT CURRENT_TIMESTAMP ON UPDATE CURRENT_TIMESTAMP,
  `UserCreate` varchar(100) NOT NULL,
  `UserUpdate` varchar(100) NOT NULL,
  PRIMARY KEY (`IDRole`)
) ENGINE=InnoDB AUTO_INCREMENT=4 DEFAULT CHARSET=utf8;
/*!40101 SET character_set_client = @saved_cs_client */;

--
-- Dumping data for table `role`
--

LOCK TABLES `role` WRITE;
/*!40000 ALTER TABLE `role` DISABLE KEYS */;
INSERT INTO `role` VALUES (1,'admin','2019-08-01 17:00:00','2019-08-01 17:00:00','nhdlklk','nhdlklk'),(2,'employee','2019-08-02 09:32:07','2019-08-10 06:55:14','nhdlklk','nhdlklk'),(3,'customer','2019-08-04 17:00:00','2019-08-10 06:55:29','nhdlklk','nhdlklk');
/*!40000 ALTER TABLE `role` ENABLE KEYS */;
UNLOCK TABLES;

--
-- Table structure for table `seat`
--

DROP TABLE IF EXISTS `seat`;
/*!40101 SET @saved_cs_client     = @@character_set_client */;
 SET character_set_client = utf8mb4 ;
CREATE TABLE `seat` (
  `IDSeat` int(100) NOT NULL AUTO_INCREMENT,
  `IDBus` int(100) NOT NULL,
  `Status` tinyint(1) NOT NULL,
  `DateCreate` timestamp NULL DEFAULT NULL,
  `DateUpdate` timestamp NULL DEFAULT NULL,
  `UserCreate` varchar(100) DEFAULT NULL,
  `UserUpdate` varchar(100) DEFAULT NULL,
  `Name` varchar(10) DEFAULT NULL,
  `DateStart` date DEFAULT NULL,
  `IDPlace` int(11) DEFAULT NULL,
  PRIMARY KEY (`IDSeat`),
  KEY `IDBus` (`IDBus`),
  CONSTRAINT `seat_ibfk_1` FOREIGN KEY (`IDBus`) REFERENCES `bus` (`IDBus`)
) ENGINE=InnoDB AUTO_INCREMENT=575 DEFAULT CHARSET=utf8;
/*!40101 SET character_set_client = @saved_cs_client */;

--
-- Dumping data for table `seat`
--

LOCK TABLES `seat` WRITE;
/*!40000 ALTER TABLE `seat` DISABLE KEYS */;
INSERT INTO `seat` VALUES (407,29,0,NULL,NULL,NULL,NULL,'1','2019-08-21',5),(408,29,0,NULL,NULL,NULL,NULL,'2','2019-08-21',5),(409,29,0,NULL,NULL,NULL,NULL,'3','2019-08-21',5),(410,29,0,NULL,NULL,NULL,NULL,'4','2019-08-21',5),(411,29,0,NULL,NULL,NULL,NULL,'5','2019-08-21',5),(412,29,0,NULL,NULL,NULL,NULL,'6','2019-08-21',5),(413,29,0,NULL,NULL,NULL,NULL,'7','2019-08-21',5),(414,29,0,NULL,NULL,NULL,NULL,'8','2019-08-21',5),(415,29,0,NULL,NULL,NULL,NULL,'9','2019-08-21',5),(416,29,0,NULL,NULL,NULL,NULL,'10','2019-08-21',5),(417,29,0,NULL,NULL,NULL,NULL,'11','2019-08-21',5),(418,29,0,NULL,NULL,NULL,NULL,'12','2019-08-21',5),(419,29,0,NULL,NULL,NULL,NULL,'13','2019-08-21',5),(420,29,0,NULL,NULL,NULL,NULL,'14','2019-08-21',5),(421,29,0,NULL,NULL,NULL,NULL,'15','2019-08-21',5),(422,29,0,NULL,NULL,NULL,NULL,'16','2019-08-21',5),(423,29,0,NULL,NULL,NULL,NULL,'17','2019-08-21',5),(424,29,0,NULL,NULL,NULL,NULL,'18','2019-08-21',5),(425,29,0,NULL,NULL,NULL,NULL,'19','2019-08-21',5),(426,29,0,NULL,NULL,NULL,NULL,'20','2019-08-21',5),(427,29,0,NULL,NULL,NULL,NULL,'21','2019-08-21',5),(428,29,0,NULL,NULL,NULL,NULL,'22','2019-08-21',5),(429,29,0,NULL,NULL,NULL,NULL,'23','2019-08-21',5),(430,29,0,NULL,NULL,NULL,NULL,'24','2019-08-21',5),(431,29,0,NULL,NULL,NULL,NULL,'25','2019-08-21',5),(432,29,0,NULL,NULL,NULL,NULL,'26','2019-08-21',5),(433,29,0,NULL,NULL,NULL,NULL,'27','2019-08-21',5),(434,29,0,NULL,NULL,NULL,NULL,'28','2019-08-21',5),(435,29,0,NULL,NULL,NULL,NULL,'1','2019-08-22',2),(436,29,0,NULL,NULL,NULL,NULL,'2','2019-08-22',2),(437,29,0,NULL,NULL,NULL,NULL,'3','2019-08-22',2),(438,29,0,NULL,NULL,NULL,NULL,'4','2019-08-22',2),(439,29,0,NULL,NULL,NULL,NULL,'5','2019-08-22',2),(440,29,0,NULL,NULL,NULL,NULL,'6','2019-08-22',2),(441,29,0,NULL,NULL,NULL,NULL,'7','2019-08-22',2),(442,29,0,NULL,NULL,NULL,NULL,'8','2019-08-22',2),(443,29,0,NULL,NULL,NULL,NULL,'9','2019-08-22',2),(444,29,0,NULL,NULL,NULL,NULL,'10','2019-08-22',2),(445,29,0,NULL,NULL,NULL,NULL,'11','2019-08-22',2),(446,29,0,NULL,NULL,NULL,NULL,'12','2019-08-22',2),(447,29,0,NULL,NULL,NULL,NULL,'13','2019-08-22',2),(448,29,0,NULL,NULL,NULL,NULL,'14','2019-08-22',2),(449,29,0,NULL,NULL,NULL,NULL,'15','2019-08-22',2),(450,29,0,NULL,NULL,NULL,NULL,'16','2019-08-22',2),(451,29,0,NULL,NULL,NULL,NULL,'17','2019-08-22',2),(452,29,0,NULL,NULL,NULL,NULL,'18','2019-08-22',2),(453,29,0,NULL,NULL,NULL,NULL,'19','2019-08-22',2),(454,29,0,NULL,NULL,NULL,NULL,'20','2019-08-22',2),(455,29,0,NULL,NULL,NULL,NULL,'21','2019-08-22',2),(456,29,0,NULL,NULL,NULL,NULL,'22','2019-08-22',2),(457,29,0,NULL,NULL,NULL,NULL,'23','2019-08-22',2),(458,29,0,NULL,NULL,NULL,NULL,'24','2019-08-22',2),(459,29,0,NULL,NULL,NULL,NULL,'25','2019-08-22',2),(460,29,0,NULL,NULL,NULL,NULL,'26','2019-08-22',2),(461,29,0,NULL,NULL,NULL,NULL,'27','2019-08-22',2),(462,29,0,NULL,NULL,NULL,NULL,'28','2019-08-22',2),(463,26,0,NULL,NULL,NULL,NULL,'1','2019-08-22',4),(464,26,0,NULL,NULL,NULL,NULL,'2','2019-08-22',4),(465,26,0,NULL,NULL,NULL,NULL,'3','2019-08-22',4),(466,26,0,NULL,NULL,NULL,NULL,'4','2019-08-22',4),(467,26,0,NULL,NULL,NULL,NULL,'5','2019-08-22',4),(468,26,0,NULL,NULL,NULL,NULL,'6','2019-08-22',4),(469,26,0,NULL,NULL,NULL,NULL,'7','2019-08-22',4),(470,26,0,NULL,NULL,NULL,NULL,'8','2019-08-22',4),(471,26,0,NULL,NULL,NULL,NULL,'9','2019-08-22',4),(472,26,1,NULL,NULL,NULL,NULL,'10','2019-08-22',4),(473,26,0,NULL,NULL,NULL,NULL,'11','2019-08-22',4),(474,26,0,NULL,NULL,NULL,NULL,'12','2019-08-22',4),(475,26,1,NULL,NULL,NULL,NULL,'13','2019-08-22',4),(476,26,1,NULL,NULL,NULL,NULL,'14','2019-08-22',4),(477,26,0,NULL,NULL,NULL,NULL,'15','2019-08-22',4),(478,26,0,NULL,NULL,NULL,NULL,'16','2019-08-22',4),(479,26,0,NULL,NULL,NULL,NULL,'17','2019-08-22',4),(480,26,0,NULL,NULL,NULL,NULL,'18','2019-08-22',4),(481,26,0,NULL,NULL,NULL,NULL,'19','2019-08-22',4),(482,26,0,NULL,NULL,NULL,NULL,'20','2019-08-22',4),(483,26,0,NULL,NULL,NULL,NULL,'21','2019-08-22',4),(484,26,0,NULL,NULL,NULL,NULL,'22','2019-08-22',4),(485,26,0,NULL,NULL,NULL,NULL,'23','2019-08-22',4),(486,26,0,NULL,NULL,NULL,NULL,'24','2019-08-22',4),(487,26,0,NULL,NULL,NULL,NULL,'25','2019-08-22',4),(488,26,0,NULL,NULL,NULL,NULL,'26','2019-08-22',4),(489,26,0,NULL,NULL,NULL,NULL,'27','2019-08-22',4),(490,26,0,NULL,NULL,NULL,NULL,'28','2019-08-22',4),(491,26,0,NULL,NULL,NULL,NULL,'1','2019-08-21',1),(492,26,0,NULL,NULL,NULL,NULL,'2','2019-08-21',1),(493,26,1,NULL,NULL,NULL,NULL,'3','2019-08-21',1),(494,26,1,NULL,NULL,NULL,NULL,'4','2019-08-21',1),(495,26,1,NULL,NULL,NULL,NULL,'5','2019-08-21',1),(496,26,1,NULL,NULL,NULL,NULL,'6','2019-08-21',1),(497,26,0,NULL,NULL,NULL,NULL,'7','2019-08-21',1),(498,26,0,NULL,NULL,NULL,NULL,'8','2019-08-21',1),(499,26,0,NULL,NULL,NULL,NULL,'9','2019-08-21',1),(500,26,1,NULL,NULL,NULL,NULL,'10','2019-08-21',1),(501,26,0,NULL,NULL,NULL,NULL,'11','2019-08-21',1),(502,26,1,NULL,NULL,NULL,NULL,'12','2019-08-21',1),(503,26,0,NULL,NULL,NULL,NULL,'13','2019-08-21',1),(504,26,0,NULL,NULL,NULL,NULL,'14','2019-08-21',1),(505,26,1,NULL,NULL,NULL,NULL,'15','2019-08-21',1),(506,26,1,NULL,NULL,NULL,NULL,'16','2019-08-21',1),(507,26,0,NULL,NULL,NULL,NULL,'17','2019-08-21',1),(508,26,0,NULL,NULL,NULL,NULL,'18','2019-08-21',1),(509,26,0,NULL,NULL,NULL,NULL,'19','2019-08-21',1),(510,26,0,NULL,NULL,NULL,NULL,'20','2019-08-21',1),(511,26,0,NULL,NULL,NULL,NULL,'21','2019-08-21',1),(512,26,0,NULL,NULL,NULL,NULL,'22','2019-08-21',1),(513,26,0,NULL,NULL,NULL,NULL,'23','2019-08-21',1),(514,26,0,NULL,NULL,NULL,NULL,'24','2019-08-21',1),(515,26,0,NULL,NULL,NULL,NULL,'25','2019-08-21',1),(516,26,0,NULL,NULL,NULL,NULL,'26','2019-08-21',1),(517,26,0,NULL,NULL,NULL,NULL,'27','2019-08-21',1),(518,26,0,NULL,NULL,NULL,NULL,'28','2019-08-21',1),(519,27,0,NULL,NULL,NULL,NULL,'1','2019-08-21',1),(520,27,0,NULL,NULL,NULL,NULL,'2','2019-08-21',1),(521,27,0,NULL,NULL,NULL,NULL,'3','2019-08-21',1),(522,27,0,NULL,NULL,NULL,NULL,'4','2019-08-21',1),(523,27,0,NULL,NULL,NULL,NULL,'5','2019-08-21',1),(524,27,0,NULL,NULL,NULL,NULL,'6','2019-08-21',1),(525,27,0,NULL,NULL,NULL,NULL,'7','2019-08-21',1),(526,27,0,NULL,NULL,NULL,NULL,'8','2019-08-21',1),(527,27,0,NULL,NULL,NULL,NULL,'9','2019-08-21',1),(528,27,0,NULL,NULL,NULL,NULL,'10','2019-08-21',1),(529,27,0,NULL,NULL,NULL,NULL,'11','2019-08-21',1),(530,27,0,NULL,NULL,NULL,NULL,'12','2019-08-21',1),(531,27,0,NULL,NULL,NULL,NULL,'13','2019-08-21',1),(532,27,0,NULL,NULL,NULL,NULL,'14','2019-08-21',1),(533,27,0,NULL,NULL,NULL,NULL,'15','2019-08-21',1),(534,27,0,NULL,NULL,NULL,NULL,'16','2019-08-21',1),(535,27,0,NULL,NULL,NULL,NULL,'17','2019-08-21',1),(536,27,0,NULL,NULL,NULL,NULL,'18','2019-08-21',1),(537,27,0,NULL,NULL,NULL,NULL,'19','2019-08-21',1),(538,27,0,NULL,NULL,NULL,NULL,'20','2019-08-21',1),(539,27,0,NULL,NULL,NULL,NULL,'21','2019-08-21',1),(540,27,0,NULL,NULL,NULL,NULL,'22','2019-08-21',1),(541,27,0,NULL,NULL,NULL,NULL,'23','2019-08-21',1),(542,27,0,NULL,NULL,NULL,NULL,'24','2019-08-21',1),(543,27,0,NULL,NULL,NULL,NULL,'25','2019-08-21',1),(544,27,0,NULL,NULL,NULL,NULL,'26','2019-08-21',1),(545,27,0,NULL,NULL,NULL,NULL,'27','2019-08-21',1),(546,27,0,NULL,NULL,NULL,NULL,'28','2019-08-21',1),(547,28,0,NULL,NULL,NULL,NULL,'1','2019-08-21',2),(548,28,0,NULL,NULL,NULL,NULL,'2','2019-08-21',2),(549,28,0,NULL,NULL,NULL,NULL,'3','2019-08-21',2),(550,28,0,NULL,NULL,NULL,NULL,'4','2019-08-21',2),(551,28,0,NULL,NULL,NULL,NULL,'5','2019-08-21',2),(552,28,0,NULL,NULL,NULL,NULL,'6','2019-08-21',2),(553,28,0,NULL,NULL,NULL,NULL,'7','2019-08-21',2),(554,28,0,NULL,NULL,NULL,NULL,'8','2019-08-21',2),(555,28,0,NULL,NULL,NULL,NULL,'9','2019-08-21',2),(556,28,0,NULL,NULL,NULL,NULL,'10','2019-08-21',2),(557,28,0,NULL,NULL,NULL,NULL,'11','2019-08-21',2),(558,28,0,NULL,NULL,NULL,NULL,'12','2019-08-21',2),(559,28,0,NULL,NULL,NULL,NULL,'13','2019-08-21',2),(560,28,0,NULL,NULL,NULL,NULL,'14','2019-08-21',2),(561,28,0,NULL,NULL,NULL,NULL,'15','2019-08-21',2),(562,28,0,NULL,NULL,NULL,NULL,'16','2019-08-21',2),(563,28,0,NULL,NULL,NULL,NULL,'17','2019-08-21',2),(564,28,0,NULL,NULL,NULL,NULL,'18','2019-08-21',2),(565,28,0,NULL,NULL,NULL,NULL,'19','2019-08-21',2),(566,28,0,NULL,NULL,NULL,NULL,'20','2019-08-21',2),(567,28,0,NULL,NULL,NULL,NULL,'21','2019-08-21',2),(568,28,0,NULL,NULL,NULL,NULL,'22','2019-08-21',2),(569,28,0,NULL,NULL,NULL,NULL,'23','2019-08-21',2),(570,28,0,NULL,NULL,NULL,NULL,'24','2019-08-21',2),(571,28,0,NULL,NULL,NULL,NULL,'25','2019-08-21',2),(572,28,0,NULL,NULL,NULL,NULL,'26','2019-08-21',2),(573,28,0,NULL,NULL,NULL,NULL,'27','2019-08-21',2),(574,28,0,NULL,NULL,NULL,NULL,'28','2019-08-21',2);
/*!40000 ALTER TABLE `seat` ENABLE KEYS */;
UNLOCK TABLES;

--
-- Table structure for table `ticket`
--

DROP TABLE IF EXISTS `ticket`;
/*!40101 SET @saved_cs_client     = @@character_set_client */;
 SET character_set_client = utf8mb4 ;
CREATE TABLE `ticket` (
  `IDTicket` int(100) NOT NULL AUTO_INCREMENT,
  `IDBus` int(100) NOT NULL,
  `IDSeat` int(100) NOT NULL,
  `IDUser` int(100) NOT NULL,
  `Status` tinyint(1) NOT NULL,
  `Price` varchar(100) NOT NULL,
  `DateCreate` timestamp NULL DEFAULT NULL,
  `DateUpdate` timestamp NULL DEFAULT NULL,
  `UserCreate` varchar(100) DEFAULT NULL,
  `UserUpdate` varchar(100) DEFAULT NULL,
  `DepartDate` date DEFAULT NULL,
  PRIMARY KEY (`IDTicket`),
  KEY `IDBus` (`IDBus`,`IDUser`),
  KEY `IDUser` (`IDUser`),
  KEY `IDSeat` (`IDSeat`),
  CONSTRAINT `ticket_ibfk_1` FOREIGN KEY (`IDBus`) REFERENCES `bus` (`IDBus`),
  CONSTRAINT `ticket_ibfk_2` FOREIGN KEY (`IDUser`) REFERENCES `account` (`IDUser`),
  CONSTRAINT `ticket_ibfk_3` FOREIGN KEY (`IDSeat`) REFERENCES `seat` (`IDSeat`)
) ENGINE=InnoDB AUTO_INCREMENT=143 DEFAULT CHARSET=utf8;
/*!40101 SET character_set_client = @saved_cs_client */;

--
-- Dumping data for table `ticket`
--

LOCK TABLES `ticket` WRITE;
/*!40000 ALTER TABLE `ticket` DISABLE KEYS */;
INSERT INTO `ticket` VALUES (130,26,493,43,1,'10','2019-08-16 14:32:10',NULL,'customer',NULL,'2019-08-21'),(131,26,494,43,1,'10','2019-08-16 14:32:11',NULL,'customer',NULL,'2019-08-21'),(132,26,495,43,0,'10','2019-08-16 17:02:03',NULL,'customer',NULL,'2019-08-21'),(133,26,496,43,0,'10','2019-08-16 17:02:03',NULL,'customer',NULL,'2019-08-21'),(134,26,500,43,0,'10','2019-08-16 17:02:03',NULL,'customer',NULL,'2019-08-21'),(137,26,502,52,0,'10','2019-08-17 02:56:20',NULL,'khach',NULL,'2019-08-21'),(138,26,505,52,0,'10','2019-08-17 02:56:20',NULL,'khach',NULL,'2019-08-21'),(139,26,506,52,0,'10','2019-08-17 02:57:33',NULL,'khach',NULL,'2019-08-21'),(140,26,472,52,0,'10','2019-08-17 03:19:34',NULL,'khach',NULL,'2019-08-22'),(141,26,475,52,0,'10','2019-08-17 03:19:35',NULL,'khach',NULL,'2019-08-22'),(142,26,476,52,0,'10','2019-08-17 03:19:35',NULL,'khach',NULL,'2019-08-22');
/*!40000 ALTER TABLE `ticket` ENABLE KEYS */;
UNLOCK TABLES;
/*!40103 SET TIME_ZONE=@OLD_TIME_ZONE */;

/*!40101 SET SQL_MODE=@OLD_SQL_MODE */;
/*!40014 SET FOREIGN_KEY_CHECKS=@OLD_FOREIGN_KEY_CHECKS */;
/*!40014 SET UNIQUE_CHECKS=@OLD_UNIQUE_CHECKS */;
/*!40101 SET CHARACTER_SET_CLIENT=@OLD_CHARACTER_SET_CLIENT */;
/*!40101 SET CHARACTER_SET_RESULTS=@OLD_CHARACTER_SET_RESULTS */;
/*!40101 SET COLLATION_CONNECTION=@OLD_COLLATION_CONNECTION */;
/*!40111 SET SQL_NOTES=@OLD_SQL_NOTES */;

-- Dump completed on 2019-08-17 10:23:21
